gene	A375	FemxI	FemxV	LOX	MeWo	Skmel28	WM115	WM1341	WM1366	WM1382	WM239	WM266	WM35	WM45-1	WM793	WM852	WM9	WM983
ABL1	0	0	0	0	0	0	0	0	0	0	0	0	1	0	0	0	0	0
ABL2	0	0	0	0	1	0	0	0	0	0	0	0	0	0	0	0	0	0
APC	0	0	0	0	0	0	0	0	0	0	0	0	0	1	0	0	0	0
ARID1A	0	0	0	1	0	1	0	0	0	0	0	0	0	0	0	0	0	0
ATM	0	1	1	0	0	0	0	0	0	0	0	0	0	0	0	0	0	1
AXL	0	0	0	0	0	0	0	0	0	0	0	0	0	1	0	0	1	0
BRAF	1	0	0	1	0	1	1	1	0	0	1	1	1	1	1	0	1	1
BRCA1	0	0	0	0	0	0	0	0	0	0	0	0	0	1	0	0	0	0
BRCA2	0	0	0	0	0	0	0	0	1	1	0	0	0	0	0	0	0	0
BRD3	0	0	0	0	1	0	0	0	0	0	0	0	0	0	0	0	0	0
BRD4	0	1	1	0	1	0	0	0	0	0	1	0	0	0	0	0	1	0
BUB1B	0	0	0	0	1	0	0	0	0	0	0	0	0	0	0	0	0	0
CDK12	0	0	0	0	1	0	0	1	0	0	0	0	0	1	0	0	0	0
CDK4	0	0	0	0	0	1	0	0	0	0	0	0	0	0	0	0	0	0
CDKN2A	1	0	0	0	1	0	0	0	1	0	0	0	0	0	0	0	0	1
CHEK2	0	1	1	0	0	1	0	0	0	0	0	0	0	0	0	0	0	0
COL1A1	0	0	0	0	0	0	0	0	1	0	0	0	0	0	0	0	0	0
CSF1R	0	0	0	1	0	0	0	0	0	0	0	0	0	0	0	0	1	0
CTNNB1	0	0	0	1	0	0	0	0	0	0	0	0	0	0	0	0	0	0
CYLD	0	0	0	0	0	0	0	0	0	0	0	1	0	0	0	0	0	0
EGFR	0	0	0	0	0	0	0	0	0	1	0	0	0	0	0	0	0	0
EPHB2	0	0	0	0	0	0	0	0	1	0	0	0	0	0	0	0	0	0
ERBB4	0	0	0	1	1	0	0	0	0	0	0	0	0	0	0	0	0	0
ERCC5	0	0	0	0	0	0	0	0	0	0	0	0	0	0	1	0	0	0
FER	0	0	0	0	0	0	0	1	0	0	0	0	0	0	0	0	0	0
FES	0	0	1	0	0	0	0	0	0	0	0	0	0	0	0	0	0	0
FGFR1	0	0	0	0	1	0	0	0	0	0	0	0	0	0	0	0	0	0
FGFR2	1	1	0	0	1	0	0	0	1	0	0	0	0	0	0	0	0	0
FGFR3	0	0	0	0	0	0	1	0	0	0	1	1	0	0	0	0	0	0
FGR	0	0	0	0	0	0	0	1	1	0	0	0	0	0	0	0	0	0
FOXO3	0	0	0	0	0	0	0	0	0	0	0	0	0	1	1	0	0	0
FRK	0	0	0	0	1	0	0	0	0	0	0	0	0	0	0	0	0	0
JAK3	0	0	0	0	0	0	0	0	0	0	0	0	0	1	0	0	0	0
KDR	0	0	0	0	1	0	0	0	1	0	0	0	0	0	0	0	0	1
KIT	0	0	0	0	0	0	0	0	0	1	0	0	0	0	0	0	0	0
KRAS	0	0	0	0	0	0	0	0	0	0	0	0	0	0	0	0	0	1
LATS1	0	0	0	1	1	0	0	0	0	0	0	0	0	0	0	0	0	0
LATS2	1	0	0	0	0	0	0	0	1	0	0	0	0	0	0	0	0	0
MAP2K1	0	0	0	0	0	0	0	1	0	0	0	0	0	0	0	0	0	0
MC1R	1	0	1	1	1	1	1	0	1	0	1	1	0	0	0	1	1	0
MERTK	0	0	0	1	0	0	0	0	1	0	0	0	0	0	0	0	0	0
MET	0	0	0	0	1	0	0	0	0	0	0	0	0	0	0	0	0	0
MLH1	0	0	0	0	1	0	1	0	0	0	0	0	0	0	0	0	0	0
MOS	0	0	0	0	0	0	0	0	0	0	0	0	0	0	0	1	0	0
MSH6	0	0	0	0	1	0	0	0	0	0	0	0	0	0	0	0	0	0
MTOR	1	0	0	0	0	0	0	0	0	0	0	0	0	0	0	0	0	0
MYST3	0	0	0	0	0	0	0	1	0	0	0	0	0	0	0	0	0	0
NBN	0	0	0	0	0	0	0	0	1	0	0	0	0	0	0	0	0	0
NF1	0	0	0	1	1	0	0	0	1	0	0	0	0	0	0	0	0	0
NRAS	0	0	0	0	0	0	0	0	1	0	0	0	0	0	0	1	0	0
NTRK1	0	0	0	1	0	0	0	0	0	0	0	0	0	0	0	0	0	0
NTRK3	0	0	0	0	0	0	0	0	1	0	0	0	0	1	0	0	0	0
PALB2	0	0	0	0	0	0	0	0	1	0	0	0	0	0	0	0	0	0
PDGFRA	0	0	0	1	1	0	0	0	0	0	0	0	0	0	0	0	0	0
PDGFRB	0	0	0	1	1	0	0	0	0	0	0	0	0	0	0	0	0	0
PRKCA	0	0	0	0	1	0	0	0	0	0	0	0	0	0	0	0	0	0
PRKCI	0	0	0	0	0	0	1	0	0	0	1	1	0	0	0	0	0	0
PTEN	0	0	0	0	0	1	0	0	0	0	0	0	0	0	1	0	0	0
RAC1	0	1	0	0	0	0	0	0	1	0	0	0	0	0	0	0	1	0
RET	0	0	0	0	0	0	0	0	0	0	0	0	0	0	0	0	1	0
ROS1	0	0	0	0	1	0	0	0	0	0	0	0	0	1	0	0	0	0
RPS6KA2	0	0	0	0	0	0	0	0	1	0	0	0	0	0	0	0	0	0
SALL4	0	0	0	0	0	0	0	0	1	0	0	0	0	0	0	0	0	0
SIK1	0	0	0	0	1	0	0	0	0	0	0	0	0	0	0	0	0	0
SMARCA4	0	0	0	0	0	0	0	0	0	0	0	0	0	0	0	0	1	0
SMO	0	1	0	0	0	0	0	0	0	0	0	0	0	0	0	0	0	0
SRC	0	0	0	0	1	0	0	0	0	0	0	0	0	0	0	0	0	0
STYK1	0	0	0	0	0	0	0	0	0	0	0	0	0	0	0	0	1	0
SYK	0	0	0	0	1	0	0	0	0	0	0	0	0	1	0	1	0	0
TCF3	0	0	0	0	0	0	0	0	0	0	0	0	0	0	0	0	1	0
TCF7L2	0	0	0	0	1	0	0	0	0	0	0	0	0	0	0	0	0	0
TERT	0	0	0	0	0	0	0	0	0	1	0	0	0	0	0	0	1	0
TET2	0	0	0	0	0	0	0	0	1	0	0	0	0	0	0	0	0	0
TP53	0	0	0	0	1	1	0	0	1	0	0	0	0	1	0	1	0	1
TRIM24	1	0	0	0	0	0	0	0	0	0	0	1	0	0	0	0	0	0
TRIM33	0	0	0	1	0	0	0	0	0	1	0	0	0	0	0	0	0	0
TRRAP	1	0	0	0	0	0	0	0	0	0	0	0	1	0	0	0	0	0
ZFHX3	0	0	0	0	0	0	0	0	0	0	0	1	0	0	0	0	0	0
