sample	gene	variant_class	foundin
A375	BRAF	missense_variant	DNA
A375	CDKN2A	stop_gained	DNA
A375	CDKN2A	stop_gained	DNA
A375	CDKN2A	missense_variant	DNA
A375	FGFR2	missense_variant	DNA
A375	LATS2	missense_variant	DNA
A375	TRIM24	missense_variant	DNA
A375	TRRAP	missense_variant	DNA
FemxI	ATM	missense_variant	DNA
FemxI	BRD4	missense_variant	DNA
FemxI	CHEK2	missense_variant	DNA
FemxI	FGFR2	missense_variant	DNA
FemxI	FGFR2	missense_variant	DNA
FemxI	RAC1	missense_variant	DNA
FemxV	ATM	missense_variant	DNA
FemxV	BRD4	missense_variant	DNA
FemxV	CHEK2	missense_variant	DNA
FemxV	FES	missense_variant	DNA
LOX	BRAF	missense_variant	DNA
LOX	BRAF	missense_variant	DNA
LOX	CSF1R	missense_variant	DNA
LOX	CTNNB1	missense_variant	DNA
LOX	ERBB4	missense_variant	DNA
LOX	LATS1	missense_variant	DNA
LOX	MERTK	missense_variant	DNA
LOX	NF1	stop_gained	DNA
LOX	NTRK1	missense_variant	DNA
LOX	PDGFRA	missense_variant	DNA
LOX	PDGFRB	missense_variant	DNA
LOX	TRIM33	missense_variant	DNA
MeWo	ABL2	missense_variant	DNA
MeWo	BRD3	missense_variant	DNA
MeWo	BRD3	missense_variant	DNA
MeWo	BRD4	missense_variant	DNA
MeWo	BRD4	stop_gained	DNA
MeWo	BUB1B	missense_variant	DNA
MeWo	CDK12	missense_variant	DNA
MeWo	CDK12	missense_variant	DNA
MeWo	CDKN2A	stop_gained	DNA
MeWo	CDKN2A	missense_variant	DNA
MeWo	ERBB4	missense_variant	DNA
MeWo	ERBB4	missense_variant	DNA
MeWo	FGFR1	missense_variant	DNA
MeWo	FGFR2	missense_variant	DNA
MeWo	FRK	missense_variant	DNA
MeWo	KDR	missense_variant	DNA
MeWo	LATS1	missense_variant	DNA
MeWo	MET	missense_variant	DNA
MeWo	MLH1	missense_variant	DNA
MeWo	NF1	stop_gained	DNA
MeWo	PDGFRA	missense_variant	DNA
MeWo	PDGFRB	missense_variant	DNA
MeWo	PDGFRB	missense_variant	DNA
MeWo	PRKCA	missense_variant	DNA
MeWo	ROS1	missense_variant	DNA
MeWo	ROS1	missense_variant	DNA
MeWo	SIK1	missense_variant	DNA
MeWo	SRC	missense_variant	DNA
MeWo	SYK	missense_variant	DNA
MeWo	TP53	stop_gained	DNA
MeWo	TP53	missense_variant	DNA
WM115	BRAF	missense_variant	DNA
WM115	FGFR3	missense_variant	DNA
WM115	MLH1	missense_variant	DNA
WM115	PRKCI	missense_variant	DNA
WM1341	BRAF	missense_variant	DNA
WM1341	BRAF	missense_variant	DNA
WM1341	CDK12	missense_variant	DNA
WM1341	FER	missense_variant	DNA
WM1341	FGR	missense_variant	DNA
WM1341	MAP2K1	missense_variant	DNA
WM1366	CDKN2A	missense_variant	DNA
WM1366	COL1A1	missense_variant	DNA
WM1366	EPHB2	missense_variant	DNA
WM1366	FGFR2	missense_variant	DNA
WM1366	FGR	missense_variant	DNA
WM1366	KDR	missense_variant	DNA
WM1366	LATS2	missense_variant	DNA
WM1366	MERTK	missense_variant	DNA
WM1366	NF1	missense_variant	DNA
WM1366	NRAS	missense_variant	DNA
WM1366	NTRK3	missense_variant	DNA
WM1366	NTRK3	missense_variant	DNA
WM1366	PALB2	missense_variant	DNA
WM1366	RAC1	missense_variant	DNA
WM1366	RPS6KA2	missense_variant	DNA
WM1366	TP53	missense_variant	DNA
WM1382	EGFR	stop_gained	DNA
WM1382	KIT	missense_variant	DNA
WM1382	TERT	missense_variant	DNA
WM1382	TRIM33	missense_variant	DNA
WM239	BRAF	missense_variant	DNA
WM239	BRD4	missense_variant	DNA
WM239	FGFR3	missense_variant	DNA
WM239	PRKCI	missense_variant	DNA
WM266	BRAF	missense_variant	DNA
WM266	FGFR3	missense_variant	DNA
WM266	PRKCI	missense_variant	DNA
WM266	TRIM24	missense_variant	DNA
WM35	ABL1	missense_variant	DNA
WM35	ABL1	missense_variant	DNA
WM35	BRAF	missense_variant	DNA
WM35	TRRAP	missense_variant	DNA
WM45-1	APC	missense_variant	DNA
WM45-1	AXL	missense_variant	DNA
WM45-1	BRAF	missense_variant	DNA
WM45-1	BRCA1	missense_variant	DNA
WM45-1	CDK12	missense_variant	DNA
WM45-1	JAK3	missense_variant	DNA
WM45-1	NTRK3	missense_variant	DNA
WM45-1	ROS1	splice_acceptor_variant	DNA
WM45-1	SYK	missense_variant	DNA
WM45-1	TP53	missense_variant	DNA
WM852	MOS	missense_variant	DNA
WM852	NRAS	missense_variant	DNA
WM852	SYK	stop_gained	DNA
WM852	TP53	missense_variant	DNA
WM9	AXL	missense_variant	DNA
WM9	BRAF	missense_variant	DNA
WM9	BRD4	missense_variant	DNA
WM9	CSF1R	missense_variant	DNA
WM9	RAC1	missense_variant	DNA
WM9	RET	missense_variant	DNA
WM9	STYK1	missense_variant	DNA
WM9	TERT	missense_variant	DNA
WM983	ATM	missense_variant	DNA
WM983	BRAF	missense_variant	DNA
WM983	CDKN2A	missense_variant	DNA
WM983	KDR	missense_variant	DNA
WM983	KRAS	missense_variant	DNA
WM983	TP53	missense_variant	DNA
WM983	TP53	missense_variant	DNA
A375	MTOR	missense_variant	RNA
A375	BRAF	missense_variant	RNA
A375	TRRAP	missense_variant	RNA
A375	CDKN2A	stop_gained	RNA
A375	CDKN2A	stop_gained	RNA
FemxI	SMO	missense_variant	RNA
LOX	ARID1A	stop_gained	RNA
LOX	BRAF	missense_variant	RNA
MeWo	TCF7L2	missense_variant	RNA
MeWo	TP53	missense_variant	RNA
MeWo	MSH6	missense_variant	RNA
MeWo	MLH1	missense_variant	RNA
MeWo	FGFR1	missense_variant	RNA
MeWo	BRD3	missense_variant	RNA
MeWo	CDKN2A	stop_gained	RNA
MeWo	CDKN2A	missense_variant	RNA
MeWo	CDKN2A	missense_variant	RNA
Skmel28	ARID1A	missense_variant	RNA
Skmel28	PTEN	missense_variant	RNA
Skmel28	CDK4	missense_variant	RNA
Skmel28	TP53	missense_variant	RNA
Skmel28	TP53	missense_variant	RNA
Skmel28	CHEK2	missense_variant	RNA
Skmel28	BRAF	missense_variant	RNA
WM115	BRAF	missense_variant	RNA
WM1341	BRAF	missense_variant	RNA
WM1341	BRAF	missense_variant	RNA
WM1341	MYST3	missense_variant	RNA
WM1366	NRAS	missense_variant	RNA
WM1366	BRCA2	missense_variant	RNA
WM1366	TP53	missense_variant	RNA
WM1366	SALL4	missense_variant	RNA
WM1366	TET2	missense_variant	RNA
WM1366	NBN	missense_variant	RNA
WM1366	CDKN2A	missense_variant	RNA
WM1382	BRCA2	missense_variant	RNA
WM1382	KIT	missense_variant	RNA
WM239	BRAF	missense_variant	RNA
WM266	CYLD	missense_variant	RNA
WM266	ZFHX3	missense_variant	RNA
WM266	BRAF	missense_variant	RNA
WM35	BRAF	missense_variant	RNA
WM45-1	TP53	missense_variant	RNA
WM45-1	FOXO3	missense_variant	RNA
WM45-1	BRAF	missense_variant	RNA
WM793	PTEN	stop_gained	RNA
WM793	ERCC5	missense_variant	RNA
WM793	FOXO3	missense_variant	RNA
WM793	BRAF	missense_variant	RNA
WM852	NRAS	missense_variant	RNA
WM852	TP53	missense_variant	RNA
WM9	SMARCA4	missense_variant	RNA
WM9	TCF3	missense_variant	RNA
WM9	BRAF	missense_variant	RNA
WM983	TP53	missense_variant	RNA
WM983	TP53	missense_variant	RNA
WM983	TP53	missense_variant	RNA
WM983	BRAF	missense_variant	RNA
WM983	CDKN2A	missense_variant	RNA
WM1366	MC1R	missense_variant	RNA
WM115	MC1R	missense_variant	RNA
A375	MC1R	missense_variant	RNA
MeWo	MC1R	missense_variant	RNA
WM852	MC1R	missense_variant	RNA
WM239	MC1R	missense_variant	RNA
WM266	MC1R	missense_variant	RNA
WM9	MC1R	missense_variant	RNA
Skmel28	MC1R	missense_variant	RNA
LOX	MC1R	missense_variant	RNA
FemxV	MC1R	missense_variant	RNA
